Sonja, Lahmers
Pamula, Marshall
Argentina, Mungo
Tamisha, Georgeson
Clint, Imburgia
Tiera, Whitlock
Billie, Poser
Lyn, Brigham
Noelia, Ledon
Vivian, Finkelstein
Pearlie, Mcelhany
Merlene, Humeniuk
Apryl, Dunigan
Marcellus, Schwendemann
Eleanor, Vegter
Kazuko, Bellisle
Kimberlie, Scarsdale
Donita, Cabe
Charla, Joesph
Sandy, Mckeel
Bok, Harrel
Jason, Mcniell
Angelia, Blocker
Dylan, Esplain
Karon, Knittel
Odessa, Kirn
Barney, Durate
Leontine, Horka
Selena, Delson
Simone, Metzgar
Elfreda, Schachterle
Forest, Hillary
Rina, Beja
Elfriede, Nerby
Candi, Greyovich
Angle, Distler
Prince, Spadafora
Lindsay, Canizales
Magdalene, Neidecker
Veronica, Stillions
Rochell, Mccord
Raye, Kainz
Taina, Allende
Toby, Gibby
Shavon, Linman
Jessenia, Shi
Brandee, Fullagar
Saundra, Azhocar
Roxanne, Schiver
Slyvia, Hulett
Mariella, Bakowski
Sharell, Ayre
Margarita, Maranda
Vertie, Placha
Carline, Carmany
Wilmer, Kalenak
Erma, Parido
Tamela, Tyree
Teddy, Sjodin
Denita, Yauch
Carolina, Nagengast
Noel, Taccetta
Cecelia, Chacko
Tillie, Ausburn
Travis, Deluna
Jayme, Widjaja
Sharilyn, Facello
Alica, Omlin
Nancey, Tesar
Woodrow, Mccomis
Vonnie, Joachim
Akilah, Avola
Bryce, Hottman
Suanne, Rodges
Keitha, Juart
Van, Benckendorf
Tish, Mcnespey
Travis, Vigneau
Cordell, Fehl
Haydee, Koritko
Jennifer, Perine
Jerry, Carrus
James, Mcquilliams
Neda, Wray
Addie, Ludemann
Gregoria, Hubbartt
Lizzette, Seanger
Bianca, Cosenza
Herman, Lewandowski
Mickey, Harnois
Kasi, Kilborn
Alphonse, Furth
Ghislaine, Sosh
Shantel, Vonbraunsberg
Amberly, Soos
Angelyn, Starling
Yan, Rocheleau
Florence, Augspurger
Oralia, Parsh
Evette, Mcdoniel
Renee, Scarlet
Margarito, Berver
Birgit, Wengerd
Nga, Carpinelli
Oswaldo, Lapidus
King, Haacke
Ervin, Yellen
Sonya, Conti
Bobby, Belch
Roberto, Maciejko
Sylvie, Vandaele
Karolyn, Rybinski
Aimee, Hermus
Mark, Minogue
Luanne, Hendricks
Garnet, Mckernin
Myriam, Bevell
Yuriko, Moose
Dreama, Urbas
Raymundo, Wartchow
Wynell, Megeath
Patrick, Kissi
Louann, Watrs
Sadye, Crouthamel
Yuri, Chappa
Grant, Tall
Wendell, Angileri
Vivan, Medell
Chanell, Kvek
Zula, Cortina
Enda, Kanoff
Jaquelyn, Highsmith
Otha, Waugaman
Chong, Campellone
Kristina, Klice
Patti, Caire
Oren, Chitrik
Michaele, Dougharty
Meagan, Munafo
Lorine, Frishkorn
Georgia, Mix
Jennine, Vazguez
Idell, Grube
Thi, Pezzullo
Virginia, Boldery
Jani, Spena
Dominga, Temple
Mora, Cantadore
Tarah, Litmanowicz
Babara, Schalow
Noemi, Klingler
Gladys, Loach
Rebeca, Derosie
Shante, Reiser
Valene, Shasky
Jessie, Calowell
Glenn, Polintan
Jamee, Zonker
Karol, Zellman
Nguyet, Liquet
Georgine, Rutiaga
Shandi, Izak
Terisa, Hite
Mireille, Vore
Jae, Laro
Cori, Sterpka
Louie, Prye
Claribel, Penepent
Myrta, Argudo
Karole, Triska
Zola, Arbizo
Lavona, Pinsoneault
Cassy, Killins
Chrissy, Forcino
Frank, Haldeman
Jesse, Farthing
Elaine, Valin
Coral, Staubs
Leticia, Crossland
Sheree, Kunsman
Darlena, Aldredge
Maya, Kummer
Cythia, Ryhal
Tiera, Tangerman
Kia, Puc
Carma, Alfieri
Sheryll, Wrobliski
Cathern, Comas
India, Alderman
Brian, Feela
Chang, Pardee
Lieselotte, Tuite
Kit, Bisker
Lesley, Michals
Dallas, Tate
Aleisha, Stroede
Yan, Ibara
Mari, Bonneau
Ivonne, Leidel
Kenia, Frullate
Flavia, Baldassare
Vincenza, Helms
Wm, Savells
Claude, Kook
Shawna, Wilm
Alyson, Grismore
Tangela, Frisinger
Sung, Paquin
Despina, Patsy
Sean, Masello
Faye, Swainston
Valentine, Imbier
Carrol, Beichner
Jospeh, Lory
Ronald, Claridge
Leontine, Benauides
Shelton, Gimbel
Millicent, Senior
Shalanda, Onley
Danita, Litty
Charles, Bellomo
Rosalba, Hollo
Mira, Kesich
Jenna, Velez
Lanny, Annonio
Aurea, Sirek
Sirena, Angerman
Georgeanna, Dorsch
Bobbie, Indermuehle
Shoshana, Fuerte
Kennith, Cezil
Lucinda, Schmig
Librada, Facio
Bonny, Arps
Owen, Siedlik
Jefferey, Goettel
Burton, Virag
Darius, Tenofsky
Shawnna, Cedano
Guillermina, Bezio
Teri, Camastro
Norbert, Fant
Lazaro, Odorizzi
Mabel, Norfolk
Elias, Felker
Belia, Winner
Daine, Noury
Lisbeth, Walentoski
Myrle, Breitkreutz
Benedict, Sotiriou
Elenora, Plock
Lakesha, Freedland
Giovanni, Mcvean
Donn, Xiang
Eddie, Keaney
Signe, Dodgson
Ligia, Huron
Elene, Armacost
Ines, Brozowski
Tegan, Thoroughman
Kym, Domer
Ivelisse, Furlotte
Gita, Malanado
Coralie, Morgner
Sau, Zertuche
Sau, Cumberbatch
Carlton, Knop
Hyo, Server
Lorina, Bergeron
Windy, Everson
Criselda, Carriedo
Sommer, Larroque
Stephane, Gouldie
Adrian, Houtman
Roy, Williemae
Terrance, Rudisell
Kandice, Valot
Rebbecca, Riso
Terrell, Lusardi
Reba, Burghart
Melita, Adwell
Sherise, Provost
Toccara, Hafley
Marshall, Lyng
Martha, Kokoska
Manuela, Abbate
Maryrose, Surman
Trula, Santiesteban
Cari, Metevelis
Marge, Gerberich
Hershel, Molleda
Ruby, Agricola
Randy, Lucarell
Sheri, Thibodaux
Jolie, Sarwar
Fiona, Wlodarczyk
Isabelle, Nievas
Latrina, Mohn
Chong, Salb
Kari, Bagan
Ralph, Girone
Eufemia, Figueredo
Paz, Paige
Philip, Bradby
Gerald, Korey
Virgina, Coffey
Josephina, Dense
Veronica, Mentgen
Aleisha, Laverne
Sha, Sumaran
Bud, Depner
Vickey, Guilliams
Dakota, Heitman
Katherin, Niverson
Jeannette, Zicherman
Enda, Hamill
Dayna, Cante
Latashia, Ventresca
Patrica, Speelman
Shiloh, Lafaso
Karisa, Pires
Scarlett, Brindley
Hosea, Kita
Cecil, Rinke
Torie, Gallante
Jestine, Centanni
Summer, Dantoni
Rebbeca, Opara
Millard, Isadore
Tu, Placencio
Gertie, Flinders
Fran, Mangano
Jessica, Manspeaker
Gudrun, Warfield
Colton, Smail
Rosena, Gilmartin
Noemi, Kemplin
Sergio, Langwith
Karlyn, Haghighi
Kizzy, Earles
Rosana, Rupard
Ethan, Levett
Madie, Shorrock
Effie, Macura
Jenine, Kooker
Na, Jaurigui
Thanh, Rehmert
Valrie, Taulbee
Tamera, Klez
Hilton, Plumadore
Williemae, Mayhorn
Shelli, Shell
Stephan, Salway
Margot, Dewater
Cherelle, Mcgarvie
Sachiko, Levendosky
Alexandra, Barter
Yolando, Khounthavong
Melissia, Feisthamel
Franklyn, Pavlosky
Hue, Riggsbee
Sarita, Gemberling
Isabelle, Reimann
Darlene, Garibay
Edgardo, Laverne
Agustin, Yochim
Rory, Lafoy
Tera, Briseno
Dorla, Coggin
Linh, Keomanivong
Mora, Durke
Petrina, Lesesne
Shizue, Bonomi
Fletcher, Hilby
Lynetta, Sierer
Lizeth, Crieghton
Sanora, Schnieders
Meta, Conveniencia
Meryl, Helt
Felicia, Guo
Elidia, Lemear
Keena, Faria
Dodie, Cilfone
Sabra, Furlone
Margie, Stano
Shirley, Acedo
Julian, Maikoksoong
Marilyn, Mathre
Theresa, Suro
Nu, Raderstorf
Ebony, Barts
Naida, Jeronimo
Marshall, Wims
Nelson, Krukowski
Belle, Antinarelli
Vicenta, Smigiel
Rebeca, Ahia
Elana, Callez
Farah, Lagreca
Cruz, Zammetti
Kaylene, Gilliam
Stephen, Hunstiger
Luisa, Dehay
Leisha, Hethcote
Julianne, Broward
Isela, Nesland
Rosamaria, Cerino
Ronny, Rahm
Merlin, Adalja
Melia, Paulsen
Sherly, Hubley
Krishna, Elledge
Alisa, Eyton
Mora, Cumoletti
Leatha, Kacher
Anamaria, Strande
Candra, Karpinsky
Romana, Gacia
Isobel, Loze
Lisa, Grano
Clark, Standors
Theressa, Trocchio
Mason, Collett
Tomi, Politi
Almeta, Angelillo
Jeanette, Mccade
Kelly, Zisk
Gia, Edmund
Rosia, Peroutka
Mona, Billa
Andrew, Munari
Giovanna, Renova
Ellis, Kandarian
Pasquale, Cryder
Rosio, Hussey
Criselda, Fagnoni
Nannie, Cheverton
Shante, Masias
Augusta, Begin
Golden, Hubbell
Delphia, Loesche
Johnny, Roeth
Demarcus, Epping
Matt, Schlaht
Kris, Fleurilus
Addie, Cramer
Sun, Killin
Sheena, Granroth
Libbie, Metta
Precious, Godwin
Asa, Urenio
Clelia, Freiberger
Wilfred, Zemke
Orval, Arguelles
Logan, Brake
Rufus, Cregeen
Dave, Geneseo
Kasha, Szalay
Nancy, Niel
Cynthia, Lablue
Cristina, Koczur
Saran, Woolwine
Tran, Berstler
Errol, Viengxay
Leda, Gatrell
Bobby, Castell
Giuseppina, Ronsini
Concha, Godina
Leroy, Etchinson
Mikki, Cozzy
Erma, Mouse
Latoria, Cipriano
Carter, Friesen
Tracee, Nater
Trudi, Plumlee
Jacalyn, Vreugdenhil
Carline, Severtson
Florrie, Mccaine
Myrtice, Inman
Valorie, Rizal
Tamera, Hellickson
Rozanne, Gumbert
Stacy, Kennemer
Bruce, Servantes
Sook, Pistorius
Yaeko, Vesper
Norine, Gannetti
Jeni, Laselle
Claude, Amaker
Kasey, Latch
Henry, Scholer
Su, Biebel
Delbert, Pollman
Andrea, Subich
Eulalia, Mergist
Magdalena, Loosle
Charlsie, Escarsega
Onie, Solar
Donnette, Cunningham
Harold, Kresge
