Refractive Center Of Ohio,
St Josephs Hospital And Med Center,
Heaton Williams & Benavides,
F P Assoc,
Advantage Health Care,
Healthfirst Sleep Center,
Silverdale Psychiatric,
Charles C Young MD,
Randolph Internal Medicine,
Pediatric Place,
St John's Clinic,
Northwest Asthma Allrgy Ctr PS,
Associated Colon & Rectal Srgn,
Cascade Physicians,
North Raleigh Pediatric Group,
Memorial NW Otolaryngology,
University Orthopedics Ctr,
Piedmont Ear Nose-Throat Assoc,
Allergy Sleep & Lung Care,
New Horizons,
Fusion Therapy LLC,
Cook Children's Genetic Svc,
South Valley Inc,
Hefner Pointe Youth OPT Pllc,
Center For Psychotherapy,
Trusstek,
Center For Health & Wellness,
Northwest Occupational Medicine,
Flagstff Cmmnty Hosp AUX GFT,
Allergy & Asthma Care,
Womans Digital Imaging,
St Louis Gynecology & Oncology,
Center For Sight Inc,
Sanford Women's Health Plaza,
Temas Eye Ctr,
Bainbridge Pediatrics,
Center For Genetic Testing At Saint,
Hague Ctr-Cosmetic & Plastic,
Wattles Park Family Practice,
Panhandle Plastic Surgery,
Fisher Investment Corporation,
Orthopedics Northwest Llp,
Moss Bay Wellness Center,
Nova Care,
Anoka Aeromedical Clinic,
Southcenter Cosmetic Surgery,
Arizona Advanced Dermatology,
North Star Medical Center,
Gadsden Orthopaedic Assoc,
Southwest Dermatology