Kanisha, Lafarge
Marlen, Lerud
Bong, Fanter
Patsy, Dekorte
Tuan, Graus
Starla, Lavine
Mitzie, Feasel
Doretta, Instasi
Christie, Massman
Isis, Lonas
Renaldo, Loudermelt
Larae, Benitez
Loma, Puckett
Angelic, Wenclawiak
Mary, Neth
Albertine, Amistadi
Lilia, Werley
Ernest, Nikocevic
Adelaide, Vegas
Meda, Niehus
Selina, Arkenberg
Tinisha, Poinelli
Sandra, Renteria
Newton, Schweigert
Carl, Grosby
Argentina, Stasik
Jay, Torregrosa
Lavera, Eddins
Assunta, Nemitz
Lester, Labeau
Elenore, Flumerfelt
Garfield, Nunnenkamp
Gisele, Kirts
Haydee, Fiorito
Amira, Klaft
Gilberte, Holowell
Nickolas, Simers
Rosetta, Skura
Tammy, Starcher
Lidia, Poss
Nancie, Odonovan
Leanora, Tanke
Scott, Theophilus
Hobert, Emmett
Benton, Trace
Marvella, Spellacy
Nell, Studt
Eveline, Mueller
Gloria, Wyrich
Hye, Nasseri
Lorrie, Beeson
Kasie, Batteen
Adalberto, Wikoff
Solomon, Dodsworth
Talisha, Glacken
Wiley, Maceda
Florentino, Sanjabi
Tarsha, Pechart
Delphine, Brindza
Winnifred, Bartlet
Jada, Echevaria
Shanice, Artis
Jeffrey, Corliss
Andra, Sherretts
Michelina, Corcino
Rosanne, Doro
Lonna, Portley
Jeremy, Mikez
Franklin, Trickey
Marcy, Hentges
Argelia, Sturdevant
Jacquetta, Beets
Tillie, Ambroz
Deb, Mcclanan
Sheilah, Spoelstra
Rufus, Hyles
Miranda, Craigo
Roxane, Espree
Lyle, Vadala
Margene, Desort
Noriko, Parrill
Catalina, Mcmanuis
Rolf, Makarem
Laquita, Rattray
Jerlene, Fantini
Lan, Lappin
Ellamae, Maness
Dulce, Suffridge
Akilah, Altamirano
Mimi, Opichka
Larry, Mccolpin
Alexis, Palitti
Roman, Ramlall
Tomiko, Spearmon
Valentine, Wibeto
Barrie, Zapico
Julietta, Malinak
Priscila, Azoulay
Verona, Reckling
Winston, Adcock
Gaylene, Verbridge
Hana, Lau
Casey, Civiello
Macie, Veto
Geneva, Tarkowski
Marg, Wetterauer
Bryanna, Virkler
Shana, Chasten
Vernice, Cumblidge
Joya, Tofflemire
Illa, English
Mariette, Ritacco
Franklyn, Simoncini
Emmy, Goretti
Maryanna, Solberg
Hortense, Sicks
Katelynn, Metzler
Danilo, Howman
Ernestina, Palleschi
Regenia, Lindsay
Bret, Roucoulet
Roxann, Christ
Jenny, Lamoreau
Kris, Rotton
Karlyn, Krahulec
Evette, Harkrider
Virginia, Bridwell
Zoraida, Motta
Ha, Feldmann
Chandra, Misiaszek
Son, Eliezrie
Cleo, Horsfield
Monika, Sandahl
Gregory, Sturdivant
Kenyatta, Koso
Germaine, Sitar
Deloras, Vanwright
Hayden, Mahala
Renee, Wildeboer
Gwenda, Sean
Shon, Maxfield
Janis, Hoda
Elease, Gallusser
Sheryll, Coltrin
Michale, Gata
Saundra, Skeans
Marica, Marling
Antonia, Sweep
Gabriella, Piwetz
Gilda, Sunford
Ria, Cuttler
Mary, Appelgate
Romaine, Morrisseau
Kermit, Kahana
Lindsy, Stabs
Letitia, Wierson
Rafaela, Burdon
Wilfred, Handford
Dorthea, Scheets
Evan, Coomes
Deeanna, Brah
Efren, Pierrot
Sasha, Hanns
Tyrone, Fryrear
Mikel, Yueh
Vicente, Riede
Tameka, Yarnell
Willard, Terhune
Travis, Nethery
Patti, Waltersdorf
Ivory, Hopp
Shirlee, Momaya
Leeanna, Bruffee
Adriana, Dyen
Shirlee, Eshbaugh
Sherly, Kessel
Alejandro, Laurenceau
Rico, Robichau
Leola, Romie
Victorina, Kirkconnell
Chasity, Kaszuba
Kelli, Buzzo
Arletta, Wasmuth
Rutha, Bein
Dennise, Debiasio
Shad, Bumby
Mabel, Hasak
Hailey, Algier
Lorean, Critchlow
Debra, Nesselrodt
Myrtle, Desautels
Gabriela, Wolchesky
Maxie, Resue
Hortense, Hasker
Shane, Giottonini
Rosamaria, Philpotts
Tammera, Olen
Audria, Hinerman
Latonya, Stibb
Tonisha, Delfi
Rosendo, Kisker
Lewis, Feser
Odelia, Bacik
Ammie, Heins
Hedy, Balke
Kathryne, Huettman
Henry, Grear
Miguelina, Troxel
Gwyneth, Treisch
Marlin, Nowick
Collene, Rentas
Roscoe, Joh
Julissa, Bonito
Paula, Fiedorowicz
Ailene, Poelman
Regina, Lenzo
Clementine, Batesole
Marcos, Rumberger
Tad, Cdebaca
Bella, Ulberg
Simone, Bedolla
Sunny, Lepage
Yanira, Luehrs
Meta, Slaven
Whitley, Gerrard
Karima, Piccinone
Brandy, Sleeper
Regan, Melendez
Tanja, Mcelwine
Devin, Lozaro
Luetta, Casper
Adena, Kleinberg
Carmelo, Bendle
Lucrecia, Lemler
Lashaun, Martinelli
Guadalupe, Piscitello
Kendal, Megivern
Shery, Rauchwerger
Shandra, Bongers
Monnie, Silguero
Leatha, Easom
Noah, Oshita
Miesha, Cheatom
Aimee, Skillicorn
Alfonzo, Yuasa
Ena, Porteus
Malka, Deluzio
Augusta, Grenfell
Chaya, Swede
Yelena, Musson
Mckinley, Silverthorn
Fredricka, Marzett
Carmelo, Conerly
Lavonia, Nead
Jamila, Waninger
Shondra, Santigo
Sonya, Startup
Shamika, Atma
Merrie, Mcelravy
Genie, Stammel
Harold, Weitz
Dorian, Handcock
Melaine, Gallington
Tonya, Raisch
Louvenia, Pincock
Billie, Dilan
Cherlyn, Mcbratney
Vernell, Moravek
Thomas, Kralicek
Ellis, Ivon
Iris, Rull
Melanie, Emerick
Elease, Leick
Kirby, Scharbrough
Ernesto, Gonya
Hillary, Wooldridge
Jacqualine, Stant
Kerrie, Bushaw
Dorie, Liptak
Alanna, Cromuel
Chase, Flieller
Andre, Diffey
Earl, Belsheim
Nida, Lanehart
Crissy, Newberry
Margorie, Schontz
Rhona, Zuvich
Demetra, Lasker
Inocencia, Mangiaracina
Nakesha, Merchen
Maxie, Kopec
Dana, Zollo
Dawna, Lodi
Bobbye, Sleight
Pam, Tofanelli
Louanne, Cavrak
Omar, Debrecht
Kelli, Daggett
Shantelle, Wreath
Maris, Vaquez
Tresa, Glotzbecker
Mose, Vandebogart
Gail, Lipe
Barbra, Debell
Dagmar, Jayo
Hiroko, Wandless
Candace, Pedri
Hollie, Pizano
Marshall, Swartz
Neil, Stingley
Jose, Red
Bonnie, Carlson
Ellis, Verrier
Kurtis, Kriegh
Marquita, Tibbets
Shawana, Gaede
Veronique, Kuboushek
Lilliana, Scollard
Debora, Knoeppel
Claude, Antonini
Danyel, Rochat
Sacha, Treichel
Mabel, Pennig
Samatha, Wormely
Hyman, Delarme
Gabriela, Santolucito
Shelly, Entress
Grazyna, Fyles
Arletta, Donham
Vince, Wesly
Corie, Redkey
Georgie, Desormeaux
Eleanor, Czuba
Gerardo, Barjenbruch
Daisey, Klaas
Leola, Marreel
Leslie, Spinas
Jerry, Brownley
Glendora, Abdou
Cleta, Laroe
Herbert, Hendriks
Sherman, Denicola
Jay, Jurgensen
Danny, Sondles
Lilian, Noice
Maisha, Duker
Francesco, Carinio
Shaina, Routson
Shanita, Blankschan
Angelo, Flennoy
Cassi, Waldrip
Krista, Ruffel
Thomasine, Vanderbilt
Shamika, Dahley
Sammie, Grabinger
Miranda, Sweetin
Dierdre, Musty
Griselda, Burridge
Cruz, Nievas
Dee, Morrisseau
Jerri, Molacek
Erich, Brewer
Warren, Feduniewicz
Wiley, Lasch
Noma, Menedez
Coleen, Fassett
Celinda, Uong
Theda, Toplistky
Nadene, Randt
Felisha, Hontz
Yanira, Belizaire
Juana, Frever
Benny, Holthus
Wenona, Monkhouse
Bong, Devol
Petronila, Deldeo
Kandis, Jahnke
Marcella, Suehs
Apryl, Schreiner
Phillis, Nothstine
Danyell, Seagroves
Kamala, Muscente
Clarinda, Parquette
Vanessa, Lieberman
Minh, Sporich
Krystal, Matt
Dominick, Boykins
Ashlie, Pieper
Jama, Cleaveland
Indira, Marchal
Janessa, Zhen
Manuela, Hennighausen
Virgil, Scheibe
Idella, Trajillo
Marina, Litster
Charlyn, Ahmann
Lana, Wave
Geraldo, Krieg
Vonda, Heinl
Kisha, Spigner
Jon, Jinenez
Lyda, Senne
Irish, Strobl
Danelle, Henifin
Iola, Terrasas
Blake, Berhalter
Junko, Deschambeault
Burl, Luby
Bebe, Grodski
Jeanmarie, Holian
Emory, Apostal
Twanna, Loecken
Gabriel, Behimer
Melody, Pearle
Stefania, Arau
Titus, Bodak
Matilda, Riling
Dusti, Juriga
Clarisa, Gares
Nicki, Munley
Kathrin, Hegre
Bridgett, Delahanty
Maria, Layden
Georgette, Sewell
Tristan, Muncrief
Dominque, Kincer
Kimbra, Lugones
Karry, Aichele
Mariella, Hayth
Felicitas, Scatton
Nida, Kirschenbaum
Lane, Quarry
Cythia, Pedrotti
Kendal, Babich
Molly, Petitte
Nakia, Klarin
Dennis, Fetner
Vickie, Pauly
Yelena, Aguilar
Lilliana, Rodney
Kam, Markve
Tiesha, Gromley
Rolanda, Odonnell
Eilene, Losee
Pa, Weisenberger
Chong, Gundry
Robbin, Nordlinger
Korey, Sarabando
Tangela, Biello
Stefania, Vonhagen
Russell, Olshefski
Emmy, Dubaldi
Jessia, Stalnaker
Dorthey, Trester
Jonelle, Kuhnemund
Mica, Posas
Zenia, Cappelletti
Daron, Jacox
Verena, Wattenberg
Lashaun, Newcomer
Sherilyn, Grosland
Hosea, You
Sarina, Krzeczkowski
Teena, Richmann
Hillary, Amistoso
Debroah, Nases
Danica, Ozawa
Tianna, Fotheringham
Loyce, Bergdorf
Glendora, Zastrow
Catharine, Kyker
Gene, Herzer
Lynda, Maziarz
Shayla, Sivak
Helen, Angeloni
Etta, Kendi
Sofia, Marley
Israel, Aguillera
Lynetta, Nicewarner
Carla, Madron
Kary, Buchanon
Vernia, Kinsinger
Ivelisse, Selbe
Nelly, Bohlmann
Alysha, Hubel
Shantel, Netrosio
Johnathon, Schimmel
Hwa, Owolabi
Moriah, Finigan
Ilene, Baiera
Grant, Entrekin
Fernande, Li
Glayds, Hessling
Refugio, Korb
Barbie, Myint
Iris, Betzold
Roni, Brabec
Eladia, Gunther
Myrtis, Measeck
Laureen, Clymer
Chelsey, Kolbusz
Sylvie, Magby
Karole, Perko
Patrina, Wellner
Arnold, Warr
Stefania, Krausmann
Ashley, Amweg
Jinny, Narvaiz
Luanna, Frink
Nickie, Waananen
Cherlyn, Espejo
Missy, Niedermaier
Alishia, Cachu
Ethelene, Bassham
Malinda, Siver
Jolene, Fines
Darius, Bullert
Chad, Husch
Marcellus, Narayan
Naida, Toms
Amado, Bokal
Wesley, Foose
Renna, Notoma
Shane, Lisenbee
Mariann, Plunket
Justin, Gongalves
Willene, Forts
Naoma, Lenzen
Christian, Pratley
Kandra, Laflin
Tisa, Lovisone
Neal, Redmond
Katelyn, Pendexter
Ila, Ripplinger
Aron, Ramsaroop
Petronila, Sondrol
Frank, Arzate
Veronique, Paladin
Reta, Mettle
Cherry, Ahlf
Carrol, Rheinhardt
Dotty, Roesing
Leigh, Chapp
Edelmira, Gosney
Kaitlyn, Jaradat
Janeen, Storniolo
Clark, Magdaleno
Bryce, Vautier
Modesto, Hamparian
Kimi, Rieske
Shelley, Hardway
Brett, Furutani
Ruth, Rushmore
Adelle, Holmes
Roma, Piselli
Glenn, Sorbera
Brooks, Garsia
Vaughn, Thielemier
Shela, Pavek
Marilynn, Brining
Andreas, Drohan
Cheyenne, Rengers
Margorie, Gagne
Rolando, Boldin
Herlinda, Mertes
Hallie, Demont
Tierra, Useted
Molly, Schmeidler
Sau, Aurrichio
Mathilde, Overholser
Nadia, Cucuta
Kelley, Riden
Fredrick, Daggy
Kayleigh, Kitching
Shawnda, Phramany
Pei, Ezzelle
Sammie, Allred
Len, Oger
Latarsha, Varlas
Margorie, Martorano
Daron, Chimenti
Vivien, Massella
Lucila, Trim
Louella, Lunderman
Trinidad, Filas
Brice, Spier
Richie, Turturro
Oliver, Dadey
Gaylord, Reno
Vicenta, Mundhenk
Lucienne, Pickert
Hyun, Zabarkes
Margret, Kirkbride
Kattie, Posas
Linn, Touma
Claudio, Daughton
Cassi, Thames
Ria, Mcwright
Sherwood, Breiner
Ivory, Edel
Lynn, Franzini
Brandie, Vares
Tommy, Sturdevant
Connie, Lecher
Molly, Janson
Nicolas, Merz
Lenora, Gautier
Betsey, Voros
Marvel, Sothman
Velia, Rufer
Cesar, Ventrice
Rubin, Diedricks
Birdie, Stepnoski
Sammie, Schulist
Peg, Crabbs
Torrie, Mcnutt
Corine, Weinbach
Alberto, Kostrzewa
Syble, Cubias
Gilda, Trautmann
Chasity, Selestewa
Theodore, Woznick
Moriah, Doser
Earlene, Sickel
Ping, Garris
Antonetta, Cairns
Tenisha, Brainerd
Don, Drafts
Sharan, Meiser
Suzette, Rhump
Doyle, Hildebrandt
Vannesa, Cuadros
Camilla, Corsi
Yolonda, Longfellow
Vivien, Heape
Breanna, Terp
Derek, Hardison
Marci, Frobish
Hellen, Curll
Graciela, Lanno
Luciana, Lantaff
Alfreda, Credille
Tamala, Woodbeck
Omar, Bocchicchio
Evette, Siering
Sina, Lilienthal
Page, Lader
Misti, Stinebuck
Vernell, Mcdermond
Barney, Mates
Alva, Cushinberry
Reynaldo, Rechel
Sudie, Derenberger
Ja, Didriksen
Maryjane, Leahey
Lucia, Janson
Jin, Schaffer
Tana, Broitzman
Orlando, Greinke
Kasie, Marcos
Iona, Carraway
Toby, Brignoni
Tesha, Illian
Peggy, Held
Drucilla, Fu
Jerri, Stancombe
Kaci, Turntine
Kittie, Meegan
Dexter, Greene
Era, Kitching
Anibal, Morgado
Jennie, Binggeli
Bobby, Concho
Kerry, Arnholt
Emilie, Vigorito
Annabell, Henricksen
Margie, Schlotterbeck
Kendra, Steinhouse
Mattie, Hooton
Berenice, Campoy
Josphine, Bonillas
Tamica, Schaack
Jolie, Lunday
Tommie, Bowery
Terry, Whiter
Norbert, Noyer
Maren, Vanschaick
Johnie, Vangerbig
Adrianne, Dimery
Raymond, Owings
Lorene, Mcsparin
James, Bertha
Kacie, Larche
Dreama, Vezza
Concepcion, Michocki
Treva, Quach
Izetta, Opet
Myrtis, Susong
Aubrey, Toft
Mirella, Muskopf
Cordie, Lemay
Clelia, Bohan
Digna, Sheen
Hildegard, Bousum
Brice, Harle
Justin, Thome
Cyrus, Peixoto
Jen, Rightmyer
Eleanora, Ronquillo
Don, Berendt
Renato, Dusky
Numbers, Kopischke
Nichol, Comito
Pearl, Krebbs
Christoper, Ratledge
Juliane, Floss
Shanell, Rian
Seth, Abbott
Newton, Lions
Shasta, Kristof
Clarence, Calin
Elizebeth, Porris
Gerard, Knapper
Mira, Tays
Alix, Mohair
Hedwig, Bitar
Broderick, Fauscett
Clotilde, Keehne
Aleen, Melaro
Casie, Melena
Joey, Langhout
Karrie, Stayter
Angle, Appana
Velma, Gyurko
Amparo, Kiebala
Mica, Cassar
Gemma, Paley
Francie, Rosales
Cythia, Nolley
Ariane, Paola
Ricardo, Rossnagel
Eleonor, Nienhaus
Lyda, Belote
Ismael, Wanty
Sandy, Gisler
Stephany, Frankel
Leanna, Grundmann
Melina, Krantz
Shirlee, Kruegel
Noelle, Kringel
Lily, Carthew
Charles, Glanz
Jeffry, Warchol
Onita, Nadal
Karin, Cung
Tiny, Enny
Martin, Apuzzi
Katerine, Heddins
Isidro, Rondeau
Celena, Koppa
Lynna, Sprunk
Kizzie, Hause
Bradly, Tropp
Arielle, Loschiavo
Graig, Estep
Octavia, Loge
Frida, Hertlein
Damion, Ruelle
Kamala, Kubera
Adam, Arcudi
Ulrike, Fuhrman
Gabriel, Desaulniers
Adam, Tippett
Christal, Maudlin
Amie, Pleva
Elouise, Zottola
Casey, Esposto
Loreta, Grilli
Latrisha, Steinkuehler
Marvella, Lozoya
Lien, Galanis
Donald, Maestri
Noel, Depadua
Alonzo, Maltais
Amos, Montanaro
Nikole, Tynio
Donya, Loveridge
Suzy, Cibrian
Johnetta, Vall
Sofia, Connin
Sachiko, Garris
Emery, Spece
Viva, Clerkley
Hui, Contee
Charisse, Zielinski
Johnette, Scheirman
Taina, Tusing
Erasmo, Demian
Delois, Haris
Wilford, Risberg
Honey, Hightshoe
Janyce, Vicory
Idella, Gudgell
Lavinia, Illian
Naoma, Sambrano
Theodore, Anderst
Kimberely, Panone
Delmy, Littau
Lilian, Neth
Margot, Bowlan
Vincenza, Hufton
Han, Hage
Charita, Cornick
Graig, Ringstaff
Kesha, Boursaw
Marlin, Dardis
Tristan, Drowne
Shiloh, Leyden
Detra, Petrizzo
Anastasia, Freas
Layla, Kurtzeborn
Marisha, Carnoske
Lorelei, Tempelton
Freddie, Montesinos
Brittanie, Tridenti
Kirk, Angold
Charles, Cordano
Tilda, Bretana
Lia, Hosfeld
Ronald, Celedon
Geraldo, Mitch
Hana, Bucholz
Thomas, Westen
Lakendra, Harres
Briana, Reibsome
Kenny, Chopp
Annika, Sprengelmeyer
Eugenia, Vannuck
Makeda, Replin
Raisa, Dec
Sanda, Stanislaw
Fredrick, Va
Patricia, Baksi
Donya, Bozard
Gerry, Tasson
Evie, Ganns
Bessie, Rosich
Santo, Alfreds
Iliana, Tommasino
Madison, Mobilio
Isiah, Folkers
Karissa, Toupe
Elizbeth, Damelio
Elwood, Pullon
Luana, Hyun
Vesta, Gutkowski
Lenita, Eggert
Lavern, Verkler
Gia, Hennigan
Lavonda, Ashly
Rosa, Maccarini
Nicol, Dentel
Claris, Hiner
Suzie, Leithauser
Annamae, Mcconico
Kim, Marguardt
Geri, Mclees
Pedro, Canion
Earleen, Schoenfeld
Mica, Salais
Myrta, Dai
Yajaira, Washup
Waltraud, Babilon
Odilia, Oman
Jimmie, Szigethy
Carlyn, Voedisch
Nancey, Barhydt
Charity, Plosker
Betsey, Fromme
Faustina, Cowder
Paz, Betters
Alesia, Arnoux
Ella, Reichmann
Scarlet, Parkhouse
Gene, Viggiani
Teena, Pi
Ricarda, Correiro
Valerie, Hundertmark
Monique, Fedderly
Jami, Hodgdon
Tobie, Falencki
Berry, Tier
Eileen, Bacus
Antonia, Blakeway
Honey, Rede
Nicholas, Wigger
Maud, Blette
Margart, Patka
Matthew, Roan
Donte, Degracia
Jovita, Whittenton
Gene, Susoev
Norene, Pelle
Milda, Bucker
Sheila, Popp
Tommie, Herceg
Merlin, Sweigart
Kimber, Frisk
Miss, Spanton
Danielle, Novellino
Kyong, Hayburn
Alonzo, Oshita
Blanca, Sukovaty
Rolande, Hufty
Farrah, Mees
Lon, Gubin
Austin, Maturi
Nila, Desiga
Mason, Wittenborn
Tilda, Gasse
Dennis, Korynta
Larry, Matejek
Filomena, Rosberg
Cathryn, Bonomo
Patrick, Joa
Coy, Kettlewell
Byron, Bault
Patrick, Latendresse
Brinda, Orsten
Cira, Sansouci
Carlotta, Sarinana
Laurel, Zilla
Danita, Horry
Landon, Williston
Dario, Remos
Estella, Bolivar
Cherrie, Adamik
Tristan, Diehl
Sandi, Lossing
Leigh, Pezzica
Alison, Solverson
Aleshia, Barrasa
Geraldo, Stremel
Juan, Merow
Samuel, Gampp
Hector, Roselli
Johnie, Boeding
Saturnina, Acquaviva
Nathan, Lukach
Jesus, Groombridge
Christen, Cenat
Ismael, Domer
Kelsi, Bute
Rita, Rickabaugh
Boyce, Kistner
Del, Moncivais
Flavia, Fisette
Ligia, Lainson
Carmina, Pitpitan
Tracey, Rish
Cristi, Balwinski
Quyen, Wanta
Deane, Salahubdin
Fatima, Yray
Shaquita, Wasmuth
Darell, Benik
Avery, Waechter
Santina, Drago
Dorcas, Neborak
Shelba, Araujo
Shae, Magnotta
Mayola, Huso
Jaime, Dacy
Vernon, Stiteler
Kathern, Stallones
Michelina, Akau
Queen, Hautamaki
Josefina, Paquette
Ernest, Sora
Onita, Myer
Loan, Hardrick
Annett, Scofield
Sherita, Cott
Graham, Tusing
Ginger, Burbach
Johnnie, Manske
Troy, Quartararo
Asia, Mushero
Larraine, Roaden
Jone, Riniker
Vanita, Neumeier
Carlos, Mabary
Corliss, Trusty
Shawna, Swilley
Jude, Heston
Romana, Vang
Loma, Duchscherer
Deeann, Vongkhamphanh
Carlos, Apland
Mafalda, Pavliska
Alethia, Seroka
Grady, Daye
Eunice, Ala
Porter, Morang
Darcy, Andren
Brynn, Ealy
Elyse, Rocconi
Luke, Kuty
Ariel, Hermann
Dorian, Finney
Anabel, Maulding
Edwin, Stafiej
Mark, Villacana
Anastasia, Sandage
Michael, Shogren
Kenisha, Arisumi
Teofila, Hubschmitt
Hayden, Rioux
Elden, Lapatra
Kimberlee, Mcglew
Libbie, Weihl
Shawnda, Nuanes
Jamie, Ronk
Jimmy, Muessig
Ariel, Llarena
Shandra, Stricker
Miriam, Roehm
Celia, Standke
Chanda, Miklos
Shirlee, Muldoon
Shirlee, Wooddell
Jason, Sopata
Geri, Beverly
Bryant, Wisnewski
Wanita, Stmartin
Kathey, Halbur
Norine, Marshal
Darcy, Lawhorne
Oralia, Radford
Kendall, Palisi
Cleopatra, Rudoy
Shaina, Przybyl
Martina, Asman
Kum, Swick
Alysha, Sakaguchi
Richard, Querry
Neda, Lomedico
Shandra, Ockerman
Annice, Cecere
Helene, Lufkin
Irwin, Huizinga
Raymond, Molino
Rufina, Mckay
Olivia, Dybala
Elmer, Canpos
Wilbur, Stefanik
Corie, Dottavio
Gertrud, Lakhani
Jayne, Canniff
Lucien, Laa
Mirna, Denooyer
Novella, Tortorella
Shellie, Yannayon
Suk, Julock
Jenny, Duca
Evelia, Arcoraci
Stuart, Sorgatz
Hung, Osofsky
Theodora, Mondok
Jonah, Espe
Francina, Kossen
Mitzie, Ourso
Sallie, Varagona
Frank, Benny
Kenya, Tisher
Alline, Maschak
Terence, Ryea
Charlene, Scicutella
Bethanie, Mantsch
Maida, Christine
Minh, Tupacyupanqui
Eula, Mcgrath
Yung, Shi
Veronika, Nagelhout
Takako, Wellinghoff
Shantel, Zellers
Rachell, Souliere
Janeth, Renshaw
Chuck, Kossack
Adell, Bailie
Noriko, Tunget
Lauran, Ritzert
Merrilee, Marinero
Tamica, Sumatzkuku
Jaunita, Bulgrin
Dayle, Isett
Randall, Gelles
Anneliese, Burchfield
Giuseppe, Siering
Alphonso, Keagy
Oliver, Nussbaumer
Eloy, Bahler
Danyelle, Brownsberger
Erminia, Mckenize
Christia, Noorigian
Eusebio, Miraglia
Mozella, Lewey
Melony, Rutko
Karry, Kounick
Lowell, Stenner
Ashton, Bagnato
Dulcie, Galdo
Carlene, Chittick
Ayanna, Neiswander
Mackenzie, Brook
Jacqueline, Requarth
Rheba, Colter
Alda, Rameriez
Carl, Daltorio
Melissa, Foskey
Abel, Saemenes
Christiane, Stokke
Angella, Rychlicki
Yuette, Grimstead
Kaye, Ibsen
Bernadette, Treadwell
Cecil, Nikkel
Stefany, Mazuera
Macy, Schoon
Shawnna, Zavacky
Margaretta, Cluver
Bernita, Howdyshell
Ardelia, Kubal
Katherina, Barlowe
Sheldon, Peters
Kristian, Vinck
Khadijah, Love
Angelique, Sciera
Bertha, Herting
Babara, Kales
Cheri, Popek
Irene, Baltes
Gidget, Schanding
Fredericka, Molliere
Pete, Eidinger
Selena, Kuralt
Kenneth, Dismuke
Tenesha, Millspaugh
Sophie, Trinh
Tamie, Gideon
Lisbeth, Iafrate
Malcolm, Hemlepp
Floria, Deshields
Malisa, Mustian
Keven, Sliman
Rosette, Prisoc
Gricelda, Mccue
Irene, Debiase
Margit, Prag
Eugene, Combes
Ruthanne, Strouse
Elvina, Kubitz
Charlotte, Bowle
Odell, Winberg
Garret, Faigin
Shan, Zyla
Rocio, Mulready
Emelia, Fayson
Justin, Bouthot
Lillian, Baumgart
Margarita, Alapai
Christa, Mcgrory
Yi, Cautillo
Kalyn, Bratek
Rae, Fazekas
Saul, Kihn
Arleen, Demry
Ingrid, Ehsan
Neal, Ramaker
Elva, Fryling
Arnita, Formaggioni
Donald, Kanatzar
Lita, Younglove
Voncile, Stumpff
Sheryl, Sanos
Josephina, Lickfelt
Elsa, Vinti
Rogelio, Unsicker
Margo, Vanhout
Gemma, Vanhoecke
Guillermina, Vanderwall
Darcy, Miyao
Giovanna, Batel
Tamiko, Maricich
Vasiliki, Trancoso
Eddie, Hersman
Fe, Hansome
Marketta, Steffenson
Val, Birkholz
Glynda, Ramshur
Brittanie, Stokely
Chelsea, Fontes
Jeffie, Rahman
Cami, Mainor
Luella, Prindiville
Corene, Milera
Ina, Chapek
Bennie, Mosure
Richie, Kleckner
Sophie, Pitaniello
Floy, Waldie
Merna, Kus
King, Campbel
Christina, Cauthorne
Laquanda, Sublette
Mila, Tony
Josefine, Reppe
Juliet, Arbo
Mavis, Burnie
Val, Heming
Erma, Rasual
Mai, Denardi
Shasta, Marban
Shonna, Sibbett
Katelin, Lindeman
Garnett, Buonamici
Ema, Debella
Jolyn, Majeau
Gerry, Maniccia
Cassondra, Tiet
Karisa, Stolberg
Sara, Duggins
Debbi, Hesterman
Tracey, Nakaahiki
Brianne, Ruark
Tierra, Robben
Jasmine, Coppess
Sammy, Meegan
Linda, Vitiello
Garth, Garrison
Trudy, Morden
Willene, Woodgate
Ralph, Kerkhoff
Celena, Nissley
Toya, Veiga
Wan, Tisdell
Breanne, Boho
Darrel, Schlaht
Reina, Mcdoniel
Dominque, Rigaud
Cammy, Zwinger
Kasie, Malanga
Pearlene, Opdahl
Tad, Tousignant
Nia, Ciccarone
Lauryn, Grabow
Sacha, Berzas
Janette, Hart
Brianne, Wimbley
Bridgett, Thorson
Seymour, Beauvais
Cecil, Gdula
Sid, Joerger
Lili, Klaers
Ngoc, Plante
Esteban, Piskura
Omega, Klasinski
Beatrice, Bergenty
Ulrike, Swanzy
Phil, Garaventa
Shawna, Burgette
Paul, Mecham
Babette, Faris
Billy, Yetzer
Jackqueline, Gitting
Naomi, Staubin
Janessa, Hansel
Sammie, Aukerman
Delmy, Maltbie
Victorina, Mithell
Alma, Brumsey
Maryln, Veney
Florentino, Nickson
Jarred, Kinloch
Gertrudis, Unch
Hoyt, Vietti
Rudolf, Rosendorf
Cortez, Kinzle
Roma, Neff
Hang, Gillotti
Marvis, Deroven
Xiao, Sandhu
Keshia, Schoborg
Pilar, Kindregan
Tiffiny, Siskind
Tamie, Covarrubio
Shirleen, Varanda
Corie, Kalafarski
Krystle, Cianfrini
Blondell, Isakson
Damon, Bichsel
Cindi, Dragon
Eden, Lodholz
Alline, Kercher
Brigida, Tames
Myrtie, Tafelski
Shantae, Satz
Keisha, Gumbert
Phyllis, Mckeever
Ellis, Cassio
Abdul, Porres
Marilou, Minerd
Lenora, Fashaw
Forest, Masullo
Pearlene, Lorusso
Karin, Rosenbalm
Michal, Deroeck
Luciana, Atteberry
Sina, Osucha
Hope, Venard
Janeth, Shankman
Josefa, Riback
Beata, Weniger
Allene, Selk
Lorenza, Nippe
Ciara, Brokaw
Gregorio, Outley
Claud, Mansel
Rosaura, Bebout
Anastasia, Ignoria
Esther, Haner
Daniel, Kullman
Kimiko, Creekmore
Keiko, Gabe
Lynn, Washler
Belle, Tajiri
Scot, Queja
Christy, Barda
Miguel, Heacock
Rossie, Berto
Rachael, Batkin
Illa, Jaquith
Gail, Ports
Mikki, Stevinson
Taylor, Maricle
Magaly, Hoerner
Teisha, Goodchild
Marianela, Pasqual
Isidra, Lapidus
Clare, Yeisley
Travis, Mccaleb
Kathrine, Willis
Tammi, Aubel
Violet, Makins
Pok, Shriner
Alida, Bosten
Fatimah, Brower
Ina, Matthewson
Lise, Sowinski
Reed, Holton
Toshia, Carper
Cinda, Maceda
Mario, Samons
Shondra, Amsden
Lala, Fayne
Dale, Kappen
Jesusita, Zippe
Kathleen, Netherland
Dina, Saran
Rayford, Alpha
Francesco, Papallo
Kristopher, Bay
Dominque, Mains
Chan, Vincenzo
Ping, Richarson
Nelda, Menden
Karl, Ginnetti
Erin, Chynoweth
Madelyn, Echevaria
Carl, Desiga
Tarra, Pralle
Barry, Spart
Wendi, Learman
Hildegarde, Beato
Marg, Bergeaux
Emogene, Welson
Tressie, Finken
Ayesha, Mischler
Jessenia, Replenski
Marion, Buchta
Ty, Harabedian
Clyde, Certain
Ronny, Schomacker
Duane, Humphreys
Eugenio, Kieke
Clair, Mcguff
Hong, Liebel
Carlos, Uelmen
Fredericka, Protin
Maxie, Morgner
Dalila, Vondoloski
Luba, Barnhouse
Mandy, Molander
Arlinda, Toudle
Hope, Smuin
Toby, Cartaya
Gino, Ehlert
Kallie, Pikul
Carlena, Transou
Morgan, Thakkar
Karmen, Nesbit
Frederica, Barredo
Arla, Encinas
Liliana, Getts
Eboni, Danza
Antonio, Lerow
Natividad, Dougall
Darius, Holzwart
Sunni, Sonders
Vance, Bergfield
Linnea, Rapisura
Tara, Mcknight
Joannie, Vodicka
Lakeshia, Kloeppel
Patsy, Mizee
Aldo, Mafua
Berna, Ushijima
Burma, Suttle
Ngoc, Goletz
Eden, Hodgeman
Brady, Dienhart
Joshua, Hiersche
Gene, Calvent
Brianne, Birden
Sanda, Wittstruck
Gigi, Kalafarski
Emely, Pompilio
Toshia, Angela
Bud, Lombardino
Ross, Merante
Shanika, Paulsen
Lillie, Wilder
Ezequiel, Favuzzi
Kenneth, Mamudoski
Arnulfo, Fagnani
Nisha, Ketner
Carla, Fauble
Willetta, Heckbert
Gaston, Norbo
Dion, Lutao
Regine, Schmutzler
Debora, Gieselman
Houston, Stramiello
Scottie, Brandsrud
Ryan, Auler
Vickey, Regehr
Trista, Helgeson
Rosario, Falls
Roxana, Keske
Peggie, Barners
Emilio, Lieu
Bryanna, Scalia
Domitila, Cleasby
Betsey, Harsy
Kevin, Buhman
Tifany, Mandella
Lynna, Palesano
Fletcher, Mccallum
Wendie, Pulk
Soo, Govostes
Carole, Devoid
Brett, Huntsman
Gala, Petruzzi
Jame, Stele
Nu, Budney
Daniele, Eddins
Rich, Staggers
Long, Saeli
Suk, Kovats
Brandon, Padgette
Armando, Andruss
Alexia, Imberg
Brain, Suydam
Lashell, Valladao
Sylvia, Gawlak
Jule, Corpeno
Summer, Schelle
Annie, Jaycox
Mindi, Alvin
Collin, Aultz
Leonarda, Havner
Virgil, Wolf
Luciano, Durbin
Crista, Jurin
Ethelyn, Pfleiderer
Stefany, Ciccarelli
Delicia, Tiller
Glendora, Fanjoy
Onita, Go
Georgene, Strzalkowski
Celsa, Mouret
Lorriane, Slawter
Janeen, Keiffer
Kina, Bronk
Hye, Cushard
Dann, Levitt
Dorethea, Zaborski
Iesha, Silacci
Antonia, Pawlak
Hien, Quander
Suzette, Turnpaugh
Tami, Duranceau
Maira, Cropp
Dwain, Traina
Myles, Spella
Elbert, Hutchens
Angila, Puller
Calvin, Ahmau
Zaida, Patik
Albertina, Grosz
Deonna, Vandervoort
Elvera, Clynes
Kristopher, Perine
Tessa, Haulbrook
Yee, Barsness
Shae, Botellio
Latina, Schramel
Tijuana, Shalash
Emily, Gohlke
Timika, Milewski
Ernestina, Suriano
Royce, Reihing
Elma, Garriss
Princess, Mckiver
Hayden, Warrilow
Velma, Stamdifer
Essie, Lansford
Rueben, Petts
Ursula, Zoll
Tanja, Givan
Eldridge, Specchio
Ilana, Forcello
Eufemia, Wiskowski
Benny, Canty
Allegra, Carboneau
Migdalia, Biederman
Marin, Mcalpin
Tanna, Schmig
Cierra, Rittenberry
Shawnda, Hallmark
Ena, Offerman
Emile, Tietjens
Daphine, Seabrooke
Krysten, Pevy
Wyatt, Montney
Dannie, Piatkowski
Eloisa, Eyestone
Idella, Paluszynski
Coral, Raggs
Albert, Choates
Giuseppina, Alfonzo
Danial, Chieffo
Ethelyn, Kua
Summer, Culhane
Irma, Ruell
Jayson, Diedrich
Bud, Client
Kathi, Zerger
Kathrin, Bixel
Nicky, Heck
Ai, Plain
Chris, Voiles
Russ, Tufano
Tasia, Yanagawa
Donita, Bockhorst
Adelle, Duceman
Jovita, Dowery
Gemma, Frankie
Drema, Sant
Jaymie, Gambel
Vito, Hirsch
Edward, Gelabert
Quiana, Docimo
Noel, Demian
Jayne, Cianciotta
Cinderella, Pfleger
Arlean, Branan
Felipe, Henderickson
Kaleigh, Ossowski
Damaris, Offner
Gretchen, Murri
Mandie, Wolin
Andrew, Kirchoff
Maia, Selbert
Brooks, Michels
Sandy, Fabacher
Dierdre, Leadingham
Jeanette, Seehusen
Gerardo, Bodenhagen
Clare, Milito
Miguelina, Obholz
Lenny, Osbeck
Kelley, Howden
Troy, Hudok
Serafina, Peluso
Yuk, Stair
Christopher, Garguilo
Carolee, Hohm
Orville, Maciag
Sally, Brawner
Nohemi, Keziah
Tomoko, Eskaran
Rene, Witthoft
Dimple, Peasel
Shea, Coote
Cole, Pajak
Louvenia, Oskins
Tonja, Mcmanis
Altha, Guillet
Ila, Mayben
Burton, Cast
Izetta, Brighi
Edwin, Teeter
Jillian, Wolff
Felton, Demetrakos
Lynell, Lepke
Johnnie, Constanzo
Leanna, Fernendez
Taunya, Hammacher
Laree, Rohleder
Arden, Toomer
Gala, Jemerson
Latonia, Wester
Zulema, Baskerville
Maribel, Bouse
Colleen, Uhrhammer
Lorenza, Darnold
Cheree, Lumpp
Odell, Nattress
Antony, Sommese
Beverlee, Labove
Shonta, Witters
Kristine, Romanik
Theressa, Stagman
Bret, Higgason
Marcie, Baumgarten
Ardelle, Grether
Jerry, Sherk
Otha, Harsy
Lashonda, Marcom
Alfredo, Fongvongsa
Debera, Mitchel
Edelmira, Heiss
Nicolasa, Hacke
Lorenzo, Klass
Sharie, Wiswall
Tianna, Rensing
Cristy, Paskert
Hermina, Citrone
Caren, Paulette
Krysten, Kottenstette
Delbert, Skillen
Natacha, Gajica
Luigi, Dunkinson
Nubia, Treherne
Lynn, Fritz
Gladis, Vaeza
Ardath, Alberson
Rosario, Ventura
Eusebio, Ivon
Virgen, Cavaluzzi
Belkis, Steinhouse
Carisa, Roncskevitz
Andre, Picking
Glendora, Kilgour
Jeremiah, Mabin
Shantae, Esau
Katheleen, Moroles
Candice, Herrea
Nicolle, Pizzola
Laverne, Bernosky
Anastacia, Kloke
Lisandra, Laford
Angie, Cobos
Veronica, Graser
Herbert, Linzy
Zachariah, Savin
Maryetta, Mancera
Janette, Guerrant
Annice, Daimaru
Haywood, Sikes
Gertude, Kistner
Meghann, Vaisman
Jim, Clemans
Jacinda, Odo
Shawana, Donegan
Jessi, Bolado
Suzi, Guariglio
Gabriel, Lijewski
Argentina, Horita
Kristina, Krass
Bianca, Collelo
Alissa, Berns
Bobby, Balzotti
Audrea, Balduf
Julio, Winlock
Isreal, Rothenberg
Dorothy, Mccurley
Jacklyn, Pachero
Luetta, Hollie
Alexandra, Casazza
Stephane, Kacerski
Latesha, Rollie
Haywood, Fein
Penney, Pontarelli
Chadwick, Wisor
Jeanetta, Genz
Nohemi, Tutko
Mercedez, Nealey
Teresia, Chapell
Marcelene, Fullmore
Giovanna, Oger
Loree, Greenbaum
Francis, Banaszek
Emelda, Gladen
Beckie, Mansell
Tiara, Malichi
Kenisha, Ablang
Ian, Kristensen
Phylis, Hohl
Jerrell, Zeno
Mollie, Milonas
Roman, Winzenried
Christoper, Yerka
Evangeline, Bloom
Gaynell, Aegerter
Wade, Tomsick
Von, Cardiel
Caleb, Tousley
Tambra, Dubois
Mabel, Sears
Dinorah, Brotzman
Beckie, Lasure
Raina, Nehme
Randee, Manrriquez
Gina, Trumpp
Sam, Rodenbaugh
Merna, Stair
Marilyn, Petrossian
Daniel, Vreeland
Cammy, Villamil
Dakota, Mirabal
Cassandra, Whtie
Terence, Beemon
Elenora, Nemzin
Nathanial, Maresco
Laurence, Soderblom
Clorinda, Syas
Gary, Heaviland
Araceli, Dunwiddie
Dulce, Vauter
Jazmine, Wattenbarger
Mechelle, Gravett
Hoa, Newhart
Lela, Paskow
Venetta, Mirick
Elois, Majied
Antony, Jandris
Sophie, Jana
Carolina, Armond
Beth, Mirabito
Emmanuel, Dragoo
Ching, Cawon
Etta, Caraher
John, Hyson
Tina, Pilger
Katherin, Kertzman
Sheba, Pastian
Caitlyn, Federkeil
Antonina, Bidlack
Graig, Conchado
Lauren, Winzelberg
Renee, Imbrenda
Karl, Eisiminger
Lucina, Asai
Talia, Mangone
Antonio, Woullard
Manie, Duhe
Carola, Hensler
Reggie, Bazzanella
Felica, Floore
Arie, Blakey
Cristopher, Rosu
Lisabeth, Fenton
Betty, Renouf
Kathleen, Bicknell
Kareem, Northern
Claire, Guthmiller
Magali, Sane
Rebecca, Demirjian
Cristopher, Ruisi
Melissia, Dushane
Clemmie, Lepetich
Reuben, Kudelka
Samara, Breehl
Abby, Grosby
Alana, Gonsalues
Leighann, Utsey
Niki, Tikkanen
Garnett, Elenbaas
Willetta, Down
Jacquetta, Nervis
Delcie, Macksoud
Erminia, Windland
Gala, Niland
Sherryl, Soplop
Ione, Brooks
Timothy, Hyers
Daniell, Gunther
Mindi, Pherson
Gracia, Kerwood
Karisa, Mackney
Lonnie, Corfman
Annabelle, Flitcroft
Renate, Casseus
Mai, Cother
Gwyneth, Stribling
Loreen, Burleigh
Richard, Devaney
Desirae, Penaherrera
Tu, Maass
Noel, Bigford
Emile, Deuel
Isabell, Sabha
Sean, Prins
Ashley, Macduff
Zulema, Ramiscal
Nicolette, Passi
Willena, Sanon
Julio, Pardoe
Wiley, Hiedeman
Lucius, Wisecarver
Lashawn, Varnon
Ezra, Betancourth
Lilian, Cheatem
Kayla, Lacayo
Suanne, Bush
Leonida, Faucett
Lizeth, Stokely
Weston, Miyahara
Min, Majkowski
Dorothea, Beede
Chin, Stockham
Jordon, Tardif
Kazuko, Pozos
Shizuko, Nazir
Addie, Ennes
Freddie, Kemfort
Sammie, Lahr
Albert, Warmath
Malinda, Laferriere
Starr, Heersink
Delana, Vickroy
Regine, Varriale
Shila, Guerrini
Ike, Peachey
Julio, Stoff
Alyce, Strosnider
Ramiro, Dick
Valda, Legrant
Bula, Waley
Matha, Hutyra
Trinity, Janosek
Jaunita, Contini
Tandra, Mendyk
Marylou, Holtzberg
Evelin, Hanagan
Paulette, Malton
Mariela, Nunoz
Lavone, Distaffen
Catharine, Stahley
Jeff, Loewenstein
Raguel, Batz
Rachael, Ostler
Alvaro, Flaum
Alva, Satterley
Tess, Retterbush
Shala, Trimpe
Brooke, Steffan
Elbert, Planer
Felix, Dietel
Berry, Potthast
Palma, Wethern
Joelle, Fertitta
Burl, Skwarek
Hollis, Haggermaker
Arnulfo, Berhalter
Mariah, Chargualaf
Drew, Nicometo
Kenda, Bance
Breann, Soria
Silas, Jesko
Aimee, Waldenberg
Benny, Delahoussaye
Audry, Dereu
Tijuana, Cassius
Corine, Garrod
Raelene, Tuttle
Kathlyn, Gamrath
Brendon, Plamondon
Andra, Copes
Louann, Warneka
Idalia, Tabatabai
Allan, Patriquin
Maxwell, Vardy
Ellyn, Aguero
Marla, Mcghee
Lloyd, Fenney
Sherlene, Pridgett
Twila, Basua
Deon, Baerlocher
Takako, Parke
Nadene, Stuer
Leatrice, Acerno
Maile, Clerf
Stephaine, Botz
Octavia, Neitzke
Natacha, Nord
Sona, Mcmains
Ahmed, Chilsom
Erasmo, Exel
Katrice, Henkes
Rae, Reistad
Caroline, Werning
Elisha, Pennebaker
Eulalia, Chrisjohn
Malissa, Bonelli
Jamie, Erdman
Selma, Beaumonte
Stephen, Wallgren
Leola, Bunck
Aracely, Dewindt
Vernice, Enriques
Linsey, Korona
Jamel, Shammaa
Vernell, Staheli
Ardath, Denard
Donnie, Badruddin
Marshall, Wirtanen
Kanesha, Onisick
Sherwood, Hore
Delinda, Vidra
Eldridge, Desormo
Merna, Honahnie
Corinna, Mustard
Rhiannon, Nicoli
Angle, Neagle
Ebonie, Jensvold
Doyle, Kenyon
Tajuana, Lavon
Celia, Nimrod
Craig, Frizell
Manual, Vathroder
Angelena, Tertinek
Kizzy, Groshans
Charis, Dalluge
Margo, Lobosco
Jerrold, Berkhimer
Anabel, Salen
Randal, Cashwell
Jermaine, Sangster
Jeane, Phoun
Lorrie, Ortea
Rosalba, Neault
Antionette, Ziff
Leda, Sohr
Rossie, Gugliotti
Gisela, Mcnairy
Charlette, Horace
Luisa, Maffey
Ona, Wurtzel
Katia, Wrigley
Rick, Caracso
Noma, Murello
Carmelo, Rifenburg
Burton, Bortle
Loriann, Rodebaugh
Leslee, Duthie
Truman, Monath
Buffy, Bigsby
Carri, Savidge
Travis, Kvilhaug
Keli, Schinke
Shawanna, Kahana
Devon, Konruff
Amal, Hailes
Zena, Ellerbeck
Phebe, Regula
Alesha, Minkin
Tari, Haner
